id;text;comment_time;created_by;image_url;replay
1;payment Hawaii Health;2022-02-15T22:21:45;monitor;Lead;deposit reintermediate program
2;Liberia Fresh cross-platform;2022-02-16T02:38:08;Sausages;Colombia;synthesize
3;Plains bricks-and-clicks indexing;2022-02-16T00:29:59;morph killer;Horizontal Car out-of-the-box;state Unbranded Springs
4;Industrial Senior;2022-02-16T08:15:38;Handcrafted;Intelligent District;Concrete Liaison
5;Crest bypass;2022-02-16T10:34:22;withdrawal invoice;data-warehouse Facilitator Keyboard;Republic
6;Riel B2B;2022-02-15T22:20:44;technologies;cross-platform Oklahoma;architectures
7;payment bypassing payment;2022-02-16T02:26:01;plum;Soft;Frozen
8;Investment payment Brazil;2022-02-16T04:11:30;Loan Electronics Beauty;Wyoming product bypass;paradigms global
9;Sausages Small Pike;2022-02-16T14:50:57;Anguilla Ridges;framework;wireless Chair
10;Kip;2022-02-16T14:08:33;Health Orchard;HDD;digital
