id;title;decription;image_url;creation_date;creation_by;increase
1;tan Haiti;streamline Brand card;Morocco Ville;2022-02-16T10:43:10;Ball;false
2;Usability Quality-focused reintermediate;Account interface Borders;Alabama;2022-02-16T05:39:42;Virginia emulation;false
3;deploy Tuna;Tasty;Intranet copying;2022-02-15T23:10:09;dot-com International;true
4;Games Account incubate;payment Cotton;methodologies Rubber implement;2022-02-16T18:23:29;Points Bike Michigan;false
5;JSON RSS;withdrawal program;THX;2022-02-16T18:40:31;Sudan;true
6;systems deposit Orchard;Global;plum copying Sweden;2022-02-15T21:31:20;port;false
7;transmitter;Profound Designer;cross-platform Soft Tools;2022-02-15T20:09:56;strategize Unbranded;false
8;Rubber Frozen Frozen;1080p;optical budgetary incremental;2022-02-15T22:52:08;Handcrafted;false
9;Fish incremental Qatar;extranet;Web Advanced Manager;2022-02-16T04:18:32;Pennsylvania;false
10;Peso SMTP AI;Mexico;cross-platform technologies Washington;2022-02-16T06:15:27;invoice open-source;true
