id;gener;image_url;description;creation_date;created_by
1;installation;Personal;static;2022-02-16T01:20:20;support Bedfordshire
2;Pizza;Cambridgeshire Chief;strategize North Cotton;2022-02-16T02:49:03;back Shore
3;initiative deposit Strategist;Corporate Equatorial upward-trending;optical Loaf;2022-02-16T01:00:46;Borders Washington Infrastructure
4;deliver cultivate Buckinghamshire;platforms;Shoes Sudan;2022-02-16T17:45:26;Account black
5;Wooden Plastic;Cambridgeshire New;virtual International;2022-02-16T10:38:41;blockchains payment Buckinghamshire
6;Loan Usability Designer;withdrawal;Supervisor Fresh installation;2022-02-16T04:03:03;Web Bike magenta
7;Island web-readiness Silver;systems initiatives set;Representative Research generate;2022-02-16T11:02:52;generating
8;synergies Cotton Agent;IB Granite THX;payment;2022-02-16T16:16:07;Rubber
9;Books;connecting Soft fault-tolerant;Buckinghamshire;2022-02-15T20:38:39;Rubber
10;CSS;platforms PCI Music;Clothing synthesizing Jewelery;2022-02-15T23:07:43;Tobago
