id;title;price;image_url;order_number
1;open-source;87984;customized Inlet Baby;12845
2;technologies;19643;bi-directional bleeding-edge invoice;18271
3;B2C monitor Namibia;3215;Crossing South back-end;59313
4;niches Analyst;6371;mint;15857
5;Ridge;67784;Path;50007
6;Tools Cambridgeshire haptic;31870;content Lilangeni;61555
7;invoice Toys;56762;Forward invoice invoice;633
8;azure Licensed AI;31908;SAS;81748
9;Kwanza Virginia compelling;58087;Synchronised firewall Granite;53093
10;Harbor New;27592;dot-com Public-key Koruna;28910
