id;decription;post_time;created_by
1;Singapore Mexico;2022-02-16T06:53:39;Orchestrator
2;action-items;2022-02-16T16:07:33;leading-edge
3;copy 24/7 Generic;2022-02-16T11:23:22;magenta mission-critical New
4;revolutionize Markets;2022-02-16T13:57:26;Fully-configurable Designer
5;system;2022-02-16T00:54:23;backing
6;payment Identity;2022-02-16T09:45:27;collaborative Costa Shoes
7;plum withdrawal Sleek;2022-02-16T06:13:14;Steel Chicken
8;navigate generate;2022-02-16T17:39:22;Practical Technician
9;XSS connecting;2022-02-16T04:39:21;Home synthesize
10;Fundamental redefine PCI;2022-02-16T03:05:58;initiatives Consultant
